Test Case,Timestamp,JSON Response
REAL_TEST_CASE_1,2025-11-03 22:32:34.300060,REAL
REAL_TEST_CASE_1,2025-11-03 22:32:34.393209,REAL
REAL_TEST_CASE_1,2025-11-03 22:32:34.486129,REAL
REAL_TEST_CASE_1,2025-11-03 22:32:34.582939,REAL
REAL_TEST_CASE_1,2025-11-03 22:32:34.674934,REAL
REAL_TEST_CASE_1,2025-11-03 22:32:34.773673,REAL
REAL_TEST_CASE_1,2025-11-03 22:32:34.860063,REAL
REAL_TEST_CASE_1,2025-11-03 22:32:34.967889,REAL
REAL_TEST_CASE_1,2025-11-03 22:32:35.048454,REAL
REAL_TEST_CASE_1,2025-11-03 22:32:35.143182,REAL
REAL_TEST_CASE_1,2025-11-03 22:32:35.243308,REAL
REAL_TEST_CASE_1,2025-11-03 22:32:35.335166,REAL
REAL_TEST_CASE_1,2025-11-03 22:32:35.430576,REAL
REAL_TEST_CASE_1,2025-11-03 22:32:35.534114,REAL
REAL_TEST_CASE_1,2025-11-03 22:32:35.617148,REAL
REAL_TEST_CASE_1,2025-11-03 22:32:35.713114,REAL
REAL_TEST_CASE_1,2025-11-03 22:32:35.806202,REAL
REAL_TEST_CASE_1,2025-11-03 22:32:35.899785,REAL
REAL_TEST_CASE_1,2025-11-03 22:32:36.005411,REAL
REAL_TEST_CASE_1,2025-11-03 22:32:36.095668,REAL
REAL_TEST_CASE_1,2025-11-03 22:32:36.190620,REAL
REAL_TEST_CASE_1,2025-11-03 22:32:36.278081,REAL
REAL_TEST_CASE_1,2025-11-03 22:32:36.369928,REAL
REAL_TEST_CASE_1,2025-11-03 22:32:36.463128,REAL
REAL_TEST_CASE_1,2025-11-03 22:32:36.553131,REAL
REAL_TEST_CASE_1,2025-11-03 22:32:36.628519,REAL
REAL_TEST_CASE_1,2025-11-03 22:32:36.729764,REAL
REAL_TEST_CASE_1,2025-11-03 22:32:36.827411,REAL
REAL_TEST_CASE_1,2025-11-03 22:32:36.923342,REAL
REAL_TEST_CASE_1,2025-11-03 22:32:37.023419,REAL
REAL_TEST_CASE_1,2025-11-03 22:32:37.112956,REAL
REAL_TEST_CASE_1,2025-11-03 22:32:37.201621,REAL
REAL_TEST_CASE_1,2025-11-03 22:32:37.296724,REAL
REAL_TEST_CASE_1,2025-11-03 22:32:37.381191,REAL
REAL_TEST_CASE_1,2025-11-03 22:32:37.469655,REAL
REAL_TEST_CASE_1,2025-11-03 22:32:37.568630,REAL
REAL_TEST_CASE_1,2025-11-03 22:32:37.655661,REAL
REAL_TEST_CASE_1,2025-11-03 22:32:37.771497,REAL
REAL_TEST_CASE_1,2025-11-03 22:32:37.878053,REAL
REAL_TEST_CASE_1,2025-11-03 22:32:37.976191,REAL
REAL_TEST_CASE_1,2025-11-03 22:32:38.067823,REAL
REAL_TEST_CASE_1,2025-11-03 22:32:38.162837,REAL
REAL_TEST_CASE_1,2025-11-03 22:32:38.265851,REAL
REAL_TEST_CASE_1,2025-11-03 22:32:38.363984,REAL
REAL_TEST_CASE_1,2025-11-03 22:32:38.467913,REAL
REAL_TEST_CASE_1,2025-11-03 22:32:38.574852,REAL
REAL_TEST_CASE_1,2025-11-03 22:32:38.680950,REAL
REAL_TEST_CASE_1,2025-11-03 22:32:38.765188,REAL
REAL_TEST_CASE_1,2025-11-03 22:32:38.844963,REAL
REAL_TEST_CASE_1,2025-11-03 22:32:38.942920,REAL
REAL_TEST_CASE_1,2025-11-03 22:32:39.028572,REAL
REAL_TEST_CASE_1,2025-11-03 22:32:39.124269,REAL
REAL_TEST_CASE_1,2025-11-03 22:32:39.210501,REAL
REAL_TEST_CASE_1,2025-11-03 22:32:39.290610,REAL
REAL_TEST_CASE_1,2025-11-03 22:32:39.395510,REAL
REAL_TEST_CASE_1,2025-11-03 22:32:39.499861,REAL
REAL_TEST_CASE_1,2025-11-03 22:32:39.601682,REAL
REAL_TEST_CASE_1,2025-11-03 22:32:39.703501,REAL
REAL_TEST_CASE_1,2025-11-03 22:32:39.803559,REAL
REAL_TEST_CASE_1,2025-11-03 22:32:39.905928,REAL
REAL_TEST_CASE_1,2025-11-03 22:32:39.989879,REAL
REAL_TEST_CASE_1,2025-11-03 22:32:40.085135,REAL
REAL_TEST_CASE_1,2025-11-03 22:32:40.171725,REAL
REAL_TEST_CASE_1,2025-11-03 22:32:40.273695,REAL
REAL_TEST_CASE_1,2025-11-03 22:32:40.363917,REAL
REAL_TEST_CASE_1,2025-11-03 22:32:40.460216,REAL
REAL_TEST_CASE_1,2025-11-03 22:32:40.561296,REAL
REAL_TEST_CASE_1,2025-11-03 22:32:40.664522,REAL
REAL_TEST_CASE_1,2025-11-03 22:32:40.746301,REAL
REAL_TEST_CASE_1,2025-11-03 22:32:40.836681,REAL
REAL_TEST_CASE_1,2025-11-03 22:32:40.933772,REAL
REAL_TEST_CASE_1,2025-11-03 22:32:41.020700,REAL
REAL_TEST_CASE_1,2025-11-03 22:32:41.111225,REAL
REAL_TEST_CASE_1,2025-11-03 22:32:41.212038,REAL
REAL_TEST_CASE_1,2025-11-03 22:32:41.298902,REAL
REAL_TEST_CASE_1,2025-11-03 22:32:41.379255,REAL
REAL_TEST_CASE_1,2025-11-03 22:32:41.469657,REAL
REAL_TEST_CASE_1,2025-11-03 22:32:41.547526,REAL
REAL_TEST_CASE_1,2025-11-03 22:32:41.634103,REAL
REAL_TEST_CASE_1,2025-11-03 22:32:41.732607,REAL
REAL_TEST_CASE_1,2025-11-03 22:32:41.825707,REAL
REAL_TEST_CASE_1,2025-11-03 22:32:41.919175,REAL
REAL_TEST_CASE_1,2025-11-03 22:32:42.016665,REAL
REAL_TEST_CASE_1,2025-11-03 22:32:42.106718,REAL
REAL_TEST_CASE_1,2025-11-03 22:32:42.206567,REAL
REAL_TEST_CASE_1,2025-11-03 22:32:42.299442,REAL
REAL_TEST_CASE_1,2025-11-03 22:32:42.400434,REAL
REAL_TEST_CASE_1,2025-11-03 22:32:42.489048,REAL
REAL_TEST_CASE_1,2025-11-03 22:32:42.578382,REAL
REAL_TEST_CASE_1,2025-11-03 22:32:42.674884,REAL
REAL_TEST_CASE_1,2025-11-03 22:32:42.772982,REAL
REAL_TEST_CASE_1,2025-11-03 22:32:42.869449,REAL
REAL_TEST_CASE_1,2025-11-03 22:32:42.944993,REAL
REAL_TEST_CASE_1,2025-11-03 22:32:43.033382,REAL
REAL_TEST_CASE_1,2025-11-03 22:32:43.109091,REAL
REAL_TEST_CASE_1,2025-11-03 22:32:43.200031,REAL
REAL_TEST_CASE_1,2025-11-03 22:32:43.303607,REAL
REAL_TEST_CASE_1,2025-11-03 22:32:43.378790,REAL
REAL_TEST_CASE_1,2025-11-03 22:32:43.465285,REAL
REAL_TEST_CASE_1,2025-11-03 22:32:43.544447,REAL
REAL_TEST_CASE_2,2025-11-03 22:32:43.633604,REAL
REAL_TEST_CASE_2,2025-11-03 22:32:43.731914,REAL
REAL_TEST_CASE_2,2025-11-03 22:32:43.811262,REAL
REAL_TEST_CASE_2,2025-11-03 22:32:43.903562,REAL
REAL_TEST_CASE_2,2025-11-03 22:32:43.986545,REAL
REAL_TEST_CASE_2,2025-11-03 22:32:44.070537,REAL
REAL_TEST_CASE_2,2025-11-03 22:32:44.180201,REAL
REAL_TEST_CASE_2,2025-11-03 22:32:44.277638,REAL
REAL_TEST_CASE_2,2025-11-03 22:32:44.363041,REAL
REAL_TEST_CASE_2,2025-11-03 22:32:44.446351,REAL
REAL_TEST_CASE_2,2025-11-03 22:32:44.546343,REAL
REAL_TEST_CASE_2,2025-11-03 22:32:44.638527,REAL
REAL_TEST_CASE_2,2025-11-03 22:32:44.734255,REAL
REAL_TEST_CASE_2,2025-11-03 22:32:44.823827,REAL
REAL_TEST_CASE_2,2025-11-03 22:32:44.910680,REAL
REAL_TEST_CASE_2,2025-11-03 22:32:44.998929,REAL
REAL_TEST_CASE_2,2025-11-03 22:32:45.084002,REAL
REAL_TEST_CASE_2,2025-11-03 22:32:45.174862,REAL
REAL_TEST_CASE_2,2025-11-03 22:32:45.271921,REAL
REAL_TEST_CASE_2,2025-11-03 22:32:45.356539,REAL
REAL_TEST_CASE_2,2025-11-03 22:32:45.439766,REAL
REAL_TEST_CASE_2,2025-11-03 22:32:45.536804,REAL
REAL_TEST_CASE_2,2025-11-03 22:32:45.621331,REAL
REAL_TEST_CASE_2,2025-11-03 22:32:45.709755,REAL
REAL_TEST_CASE_2,2025-11-03 22:32:45.800296,REAL
REAL_TEST_CASE_2,2025-11-03 22:32:45.896020,REAL
REAL_TEST_CASE_2,2025-11-03 22:32:45.977373,REAL
REAL_TEST_CASE_2,2025-11-03 22:32:46.066160,REAL
REAL_TEST_CASE_2,2025-11-03 22:32:46.155230,REAL
REAL_TEST_CASE_2,2025-11-03 22:32:46.232177,REAL
REAL_TEST_CASE_2,2025-11-03 22:32:46.331889,REAL
REAL_TEST_CASE_2,2025-11-03 22:32:46.433214,REAL
REAL_TEST_CASE_2,2025-11-03 22:32:46.525728,REAL
REAL_TEST_CASE_2,2025-11-03 22:32:46.607826,REAL
REAL_TEST_CASE_2,2025-11-03 22:32:46.697906,REAL
REAL_TEST_CASE_2,2025-11-03 22:32:46.798859,REAL
REAL_TEST_CASE_2,2025-11-03 22:32:46.897809,REAL
REAL_TEST_CASE_2,2025-11-03 22:32:46.997513,REAL
REAL_TEST_CASE_2,2025-11-03 22:32:47.087979,REAL
REAL_TEST_CASE_2,2025-11-03 22:32:47.195964,REAL
REAL_TEST_CASE_2,2025-11-03 22:32:47.286559,REAL
REAL_TEST_CASE_2,2025-11-03 22:32:47.370812,REAL
REAL_TEST_CASE_2,2025-11-03 22:32:47.462323,REAL
REAL_TEST_CASE_2,2025-11-03 22:32:47.556214,REAL
REAL_TEST_CASE_2,2025-11-03 22:32:47.654337,REAL
REAL_TEST_CASE_2,2025-11-03 22:32:47.742480,REAL
REAL_TEST_CASE_2,2025-11-03 22:32:47.842404,REAL
REAL_TEST_CASE_2,2025-11-03 22:32:47.921283,REAL
REAL_TEST_CASE_2,2025-11-03 22:32:48.006045,REAL
REAL_TEST_CASE_2,2025-11-03 22:32:48.096267,REAL
REAL_TEST_CASE_2,2025-11-03 22:32:48.198161,REAL
REAL_TEST_CASE_2,2025-11-03 22:32:48.284133,REAL
REAL_TEST_CASE_2,2025-11-03 22:32:48.368370,REAL
REAL_TEST_CASE_2,2025-11-03 22:32:48.459613,REAL
REAL_TEST_CASE_2,2025-11-03 22:32:48.560155,REAL
REAL_TEST_CASE_2,2025-11-03 22:32:48.653791,REAL
REAL_TEST_CASE_2,2025-11-03 22:32:48.740097,REAL
REAL_TEST_CASE_2,2025-11-03 22:32:48.839125,REAL
REAL_TEST_CASE_2,2025-11-03 22:32:48.914922,REAL
REAL_TEST_CASE_2,2025-11-03 22:32:49.017635,REAL
REAL_TEST_CASE_2,2025-11-03 22:32:49.114105,REAL
REAL_TEST_CASE_2,2025-11-03 22:32:49.199606,REAL
REAL_TEST_CASE_2,2025-11-03 22:32:49.291252,REAL
REAL_TEST_CASE_2,2025-11-03 22:32:49.379897,REAL
REAL_TEST_CASE_2,2025-11-03 22:32:49.477333,REAL
REAL_TEST_CASE_2,2025-11-03 22:32:49.578513,REAL
REAL_TEST_CASE_2,2025-11-03 22:32:49.673026,REAL
REAL_TEST_CASE_2,2025-11-03 22:32:49.769092,REAL
REAL_TEST_CASE_2,2025-11-03 22:32:49.852503,REAL
REAL_TEST_CASE_2,2025-11-03 22:32:49.943579,REAL
REAL_TEST_CASE_2,2025-11-03 22:32:50.037209,REAL
REAL_TEST_CASE_2,2025-11-03 22:32:50.128247,REAL
REAL_TEST_CASE_2,2025-11-03 22:32:50.226539,REAL
REAL_TEST_CASE_2,2025-11-03 22:32:50.319045,REAL
REAL_TEST_CASE_2,2025-11-03 22:32:50.416019,REAL
REAL_TEST_CASE_2,2025-11-03 22:32:50.502958,REAL
REAL_TEST_CASE_2,2025-11-03 22:32:50.595584,REAL
REAL_TEST_CASE_2,2025-11-03 22:32:50.673427,REAL
REAL_TEST_CASE_2,2025-11-03 22:32:50.760133,REAL
REAL_TEST_CASE_2,2025-11-03 22:32:50.852425,REAL
REAL_TEST_CASE_2,2025-11-03 22:32:50.941095,REAL
REAL_TEST_CASE_2,2025-11-03 22:32:51.040234,REAL
REAL_TEST_CASE_2,2025-11-03 22:32:51.137853,REAL
REAL_TEST_CASE_2,2025-11-03 22:32:51.237260,REAL
REAL_TEST_CASE_2,2025-11-03 22:32:51.340930,REAL
REAL_TEST_CASE_2,2025-11-03 22:32:51.430501,REAL
REAL_TEST_CASE_2,2025-11-03 22:32:51.522513,REAL
REAL_TEST_CASE_2,2025-11-03 22:32:51.623624,REAL
REAL_TEST_CASE_2,2025-11-03 22:32:51.712542,REAL
REAL_TEST_CASE_2,2025-11-03 22:32:51.807381,REAL
REAL_TEST_CASE_2,2025-11-03 22:32:51.887190,REAL
REAL_TEST_CASE_2,2025-11-03 22:32:51.967207,REAL
REAL_TEST_CASE_2,2025-11-03 22:32:52.060104,REAL
REAL_TEST_CASE_2,2025-11-03 22:32:52.144408,REAL
REAL_TEST_CASE_2,2025-11-03 22:32:52.230809,REAL
REAL_TEST_CASE_2,2025-11-03 22:32:52.319763,REAL
REAL_TEST_CASE_2,2025-11-03 22:32:52.414947,REAL
REAL_TEST_CASE_2,2025-11-03 22:32:52.501376,REAL
REAL_TEST_CASE_2,2025-11-03 22:32:52.602324,REAL
REAL_TEST_CASE_2,2025-11-03 22:32:52.695098,REAL
FAKE_TEST_CASE_1,2025-11-03 22:32:52.796497,FAKE
FAKE_TEST_CASE_1,2025-11-03 22:32:52.882492,FAKE
FAKE_TEST_CASE_1,2025-11-03 22:32:52.973386,FAKE
FAKE_TEST_CASE_1,2025-11-03 22:32:53.060232,FAKE
FAKE_TEST_CASE_1,2025-11-03 22:32:53.161147,FAKE
FAKE_TEST_CASE_1,2025-11-03 22:32:53.254960,FAKE
FAKE_TEST_CASE_1,2025-11-03 22:32:53.349362,FAKE
FAKE_TEST_CASE_1,2025-11-03 22:32:53.441062,FAKE
FAKE_TEST_CASE_1,2025-11-03 22:32:53.535638,FAKE
FAKE_TEST_CASE_1,2025-11-03 22:32:53.626036,FAKE
FAKE_TEST_CASE_1,2025-11-03 22:32:53.712737,FAKE
FAKE_TEST_CASE_1,2025-11-03 22:32:53.805090,FAKE
FAKE_TEST_CASE_1,2025-11-03 22:32:53.895833,FAKE
FAKE_TEST_CASE_1,2025-11-03 22:32:53.979983,FAKE
FAKE_TEST_CASE_1,2025-11-03 22:32:54.068353,FAKE
FAKE_TEST_CASE_1,2025-11-03 22:32:54.163922,FAKE
FAKE_TEST_CASE_1,2025-11-03 22:32:54.256098,FAKE
FAKE_TEST_CASE_1,2025-11-03 22:32:54.343410,FAKE
FAKE_TEST_CASE_1,2025-11-03 22:32:54.431299,FAKE
FAKE_TEST_CASE_1,2025-11-03 22:32:54.520106,FAKE
FAKE_TEST_CASE_1,2025-11-03 22:32:54.612704,FAKE
FAKE_TEST_CASE_1,2025-11-03 22:32:54.712978,FAKE
FAKE_TEST_CASE_1,2025-11-03 22:32:54.803308,FAKE
FAKE_TEST_CASE_1,2025-11-03 22:32:54.893755,FAKE
FAKE_TEST_CASE_1,2025-11-03 22:32:54.980521,FAKE
FAKE_TEST_CASE_1,2025-11-03 22:32:55.081612,FAKE
FAKE_TEST_CASE_1,2025-11-03 22:32:55.168589,FAKE
FAKE_TEST_CASE_1,2025-11-03 22:32:55.265729,FAKE
FAKE_TEST_CASE_1,2025-11-03 22:32:55.361004,FAKE
FAKE_TEST_CASE_1,2025-11-03 22:32:55.470357,FAKE
FAKE_TEST_CASE_1,2025-11-03 22:32:55.576799,FAKE
FAKE_TEST_CASE_1,2025-11-03 22:32:55.673862,FAKE
FAKE_TEST_CASE_1,2025-11-03 22:32:55.769264,FAKE
FAKE_TEST_CASE_1,2025-11-03 22:32:55.861687,FAKE
FAKE_TEST_CASE_1,2025-11-03 22:32:55.958995,FAKE
FAKE_TEST_CASE_1,2025-11-03 22:32:56.053489,FAKE
FAKE_TEST_CASE_1,2025-11-03 22:32:56.156711,FAKE
FAKE_TEST_CASE_1,2025-11-03 22:32:56.241934,FAKE
FAKE_TEST_CASE_1,2025-11-03 22:32:56.333427,FAKE
FAKE_TEST_CASE_1,2025-11-03 22:32:56.423794,FAKE
FAKE_TEST_CASE_1,2025-11-03 22:32:56.518208,FAKE
FAKE_TEST_CASE_1,2025-11-03 22:32:56.602769,FAKE
FAKE_TEST_CASE_1,2025-11-03 22:32:56.698397,FAKE
FAKE_TEST_CASE_1,2025-11-03 22:32:56.805628,FAKE
FAKE_TEST_CASE_1,2025-11-03 22:32:56.896360,FAKE
FAKE_TEST_CASE_1,2025-11-03 22:32:57.001101,FAKE
FAKE_TEST_CASE_1,2025-11-03 22:32:57.097860,FAKE
FAKE_TEST_CASE_1,2025-11-03 22:32:57.185839,FAKE
FAKE_TEST_CASE_1,2025-11-03 22:32:57.284863,FAKE
FAKE_TEST_CASE_1,2025-11-03 22:32:57.392951,FAKE
FAKE_TEST_CASE_1,2025-11-03 22:32:57.486660,FAKE
FAKE_TEST_CASE_1,2025-11-03 22:32:57.580349,FAKE
FAKE_TEST_CASE_1,2025-11-03 22:32:57.683693,FAKE
FAKE_TEST_CASE_1,2025-11-03 22:32:57.777527,FAKE
FAKE_TEST_CASE_1,2025-11-03 22:32:57.886716,FAKE
FAKE_TEST_CASE_1,2025-11-03 22:32:57.978267,FAKE
FAKE_TEST_CASE_1,2025-11-03 22:32:58.085311,FAKE
FAKE_TEST_CASE_1,2025-11-03 22:32:58.183308,FAKE
FAKE_TEST_CASE_1,2025-11-03 22:32:58.285628,FAKE
FAKE_TEST_CASE_1,2025-11-03 22:32:58.408227,FAKE
FAKE_TEST_CASE_1,2025-11-03 22:32:58.493105,FAKE
FAKE_TEST_CASE_1,2025-11-03 22:32:58.592200,FAKE
FAKE_TEST_CASE_1,2025-11-03 22:32:58.701845,FAKE
FAKE_TEST_CASE_1,2025-11-03 22:32:58.791459,FAKE
FAKE_TEST_CASE_1,2025-11-03 22:32:58.890289,FAKE
FAKE_TEST_CASE_1,2025-11-03 22:32:58.976513,FAKE
FAKE_TEST_CASE_1,2025-11-03 22:32:59.073571,FAKE
FAKE_TEST_CASE_1,2025-11-03 22:32:59.232806,FAKE
FAKE_TEST_CASE_1,2025-11-03 22:32:59.337923,FAKE
FAKE_TEST_CASE_1,2025-11-03 22:32:59.442890,FAKE
FAKE_TEST_CASE_1,2025-11-03 22:32:59.525707,FAKE
FAKE_TEST_CASE_1,2025-11-03 22:32:59.624122,FAKE
FAKE_TEST_CASE_1,2025-11-03 22:32:59.721672,FAKE
FAKE_TEST_CASE_1,2025-11-03 22:32:59.827456,FAKE
FAKE_TEST_CASE_1,2025-11-03 22:32:59.926043,FAKE
FAKE_TEST_CASE_1,2025-11-03 22:33:00.039444,FAKE
FAKE_TEST_CASE_1,2025-11-03 22:33:00.144015,FAKE
FAKE_TEST_CASE_1,2025-11-03 22:33:00.231442,FAKE
FAKE_TEST_CASE_1,2025-11-03 22:33:00.332547,FAKE
FAKE_TEST_CASE_1,2025-11-03 22:33:00.420878,FAKE
FAKE_TEST_CASE_1,2025-11-03 22:33:00.514247,FAKE
FAKE_TEST_CASE_1,2025-11-03 22:33:00.607324,FAKE
FAKE_TEST_CASE_1,2025-11-03 22:33:00.703211,FAKE
FAKE_TEST_CASE_1,2025-11-03 22:33:00.793439,FAKE
FAKE_TEST_CASE_1,2025-11-03 22:33:00.894755,FAKE
FAKE_TEST_CASE_1,2025-11-03 22:33:00.994280,FAKE
FAKE_TEST_CASE_1,2025-11-03 22:33:01.098308,FAKE
FAKE_TEST_CASE_1,2025-11-03 22:33:01.193215,FAKE
FAKE_TEST_CASE_1,2025-11-03 22:33:01.300148,FAKE
FAKE_TEST_CASE_1,2025-11-03 22:33:01.392977,FAKE
FAKE_TEST_CASE_1,2025-11-03 22:33:01.488661,FAKE
FAKE_TEST_CASE_1,2025-11-03 22:33:01.581108,FAKE
FAKE_TEST_CASE_1,2025-11-03 22:33:01.674256,FAKE
FAKE_TEST_CASE_1,2025-11-03 22:33:01.759715,FAKE
FAKE_TEST_CASE_1,2025-11-03 22:33:01.855764,FAKE
FAKE_TEST_CASE_1,2025-11-03 22:33:01.947160,FAKE
FAKE_TEST_CASE_1,2025-11-03 22:33:02.042596,FAKE
FAKE_TEST_CASE_1,2025-11-03 22:33:02.131616,FAKE
FAKE_TEST_CASE_1,2025-11-03 22:33:02.227569,FAKE
FAKE_TEST_CASE_1,2025-11-03 22:33:02.324012,FAKE
FAKE_TEST_CASE_2,2025-11-03 22:33:02.407410,FAKE
FAKE_TEST_CASE_2,2025-11-03 22:33:02.496690,FAKE
FAKE_TEST_CASE_2,2025-11-03 22:33:02.590291,FAKE
FAKE_TEST_CASE_2,2025-11-03 22:33:02.676512,FAKE
FAKE_TEST_CASE_2,2025-11-03 22:33:02.769675,FAKE
FAKE_TEST_CASE_2,2025-11-03 22:33:02.870212,FAKE
FAKE_TEST_CASE_2,2025-11-03 22:33:02.965807,FAKE
FAKE_TEST_CASE_2,2025-11-03 22:33:03.052426,FAKE
FAKE_TEST_CASE_2,2025-11-03 22:33:03.150180,FAKE
FAKE_TEST_CASE_2,2025-11-03 22:33:03.244584,FAKE
FAKE_TEST_CASE_2,2025-11-03 22:33:03.336170,FAKE
FAKE_TEST_CASE_2,2025-11-03 22:33:03.436796,FAKE
FAKE_TEST_CASE_2,2025-11-03 22:33:03.536312,FAKE
FAKE_TEST_CASE_2,2025-11-03 22:33:03.623034,FAKE
FAKE_TEST_CASE_2,2025-11-03 22:33:03.717579,FAKE
FAKE_TEST_CASE_2,2025-11-03 22:33:03.810779,FAKE
FAKE_TEST_CASE_2,2025-11-03 22:33:03.898844,FAKE
FAKE_TEST_CASE_2,2025-11-03 22:33:03.993414,FAKE
FAKE_TEST_CASE_2,2025-11-03 22:33:04.088135,FAKE
FAKE_TEST_CASE_2,2025-11-03 22:33:04.179760,FAKE
FAKE_TEST_CASE_2,2025-11-03 22:33:04.275163,FAKE
FAKE_TEST_CASE_2,2025-11-03 22:33:04.367472,FAKE
FAKE_TEST_CASE_2,2025-11-03 22:33:04.442968,FAKE
FAKE_TEST_CASE_2,2025-11-03 22:33:04.522870,FAKE
FAKE_TEST_CASE_2,2025-11-03 22:33:04.615852,FAKE
FAKE_TEST_CASE_2,2025-11-03 22:33:04.722217,FAKE
FAKE_TEST_CASE_2,2025-11-03 22:33:04.812405,FAKE
FAKE_TEST_CASE_2,2025-11-03 22:33:04.910162,FAKE
FAKE_TEST_CASE_2,2025-11-03 22:33:04.981089,FAKE
FAKE_TEST_CASE_2,2025-11-03 22:33:05.063411,FAKE
FAKE_TEST_CASE_2,2025-11-03 22:33:05.149191,FAKE
FAKE_TEST_CASE_2,2025-11-03 22:33:05.245463,FAKE
FAKE_TEST_CASE_2,2025-11-03 22:33:05.343923,FAKE
FAKE_TEST_CASE_2,2025-11-03 22:33:05.432908,FAKE
FAKE_TEST_CASE_2,2025-11-03 22:33:05.525590,FAKE
FAKE_TEST_CASE_2,2025-11-03 22:33:05.618309,FAKE
FAKE_TEST_CASE_2,2025-11-03 22:33:05.708717,FAKE
FAKE_TEST_CASE_2,2025-11-03 22:33:05.802251,FAKE
FAKE_TEST_CASE_2,2025-11-03 22:33:05.903412,FAKE
FAKE_TEST_CASE_2,2025-11-03 22:33:06.000583,FAKE
FAKE_TEST_CASE_2,2025-11-03 22:33:06.091452,FAKE
FAKE_TEST_CASE_2,2025-11-03 22:33:06.183960,FAKE
FAKE_TEST_CASE_2,2025-11-03 22:33:06.281750,FAKE
FAKE_TEST_CASE_2,2025-11-03 22:33:06.368124,FAKE
FAKE_TEST_CASE_2,2025-11-03 22:33:06.473215,FAKE
FAKE_TEST_CASE_2,2025-11-03 22:33:06.566961,FAKE
FAKE_TEST_CASE_2,2025-11-03 22:33:06.664079,FAKE
FAKE_TEST_CASE_2,2025-11-03 22:33:06.758890,FAKE
FAKE_TEST_CASE_2,2025-11-03 22:33:06.857957,FAKE
FAKE_TEST_CASE_2,2025-11-03 22:33:06.937685,FAKE
FAKE_TEST_CASE_2,2025-11-03 22:33:07.026978,FAKE
FAKE_TEST_CASE_2,2025-11-03 22:33:07.115138,FAKE
FAKE_TEST_CASE_2,2025-11-03 22:33:07.205700,FAKE
FAKE_TEST_CASE_2,2025-11-03 22:33:07.296798,FAKE
FAKE_TEST_CASE_2,2025-11-03 22:33:07.391960,FAKE
FAKE_TEST_CASE_2,2025-11-03 22:33:07.484314,FAKE
FAKE_TEST_CASE_2,2025-11-03 22:33:07.583700,FAKE
FAKE_TEST_CASE_2,2025-11-03 22:33:07.679383,FAKE
FAKE_TEST_CASE_2,2025-11-03 22:33:07.775957,FAKE
FAKE_TEST_CASE_2,2025-11-03 22:33:07.869469,FAKE
FAKE_TEST_CASE_2,2025-11-03 22:33:07.961895,FAKE
FAKE_TEST_CASE_2,2025-11-03 22:33:08.038139,FAKE
FAKE_TEST_CASE_2,2025-11-03 22:33:08.130604,FAKE
FAKE_TEST_CASE_2,2025-11-03 22:33:08.227969,FAKE
FAKE_TEST_CASE_2,2025-11-03 22:33:08.316572,FAKE
FAKE_TEST_CASE_2,2025-11-03 22:33:08.402316,FAKE
FAKE_TEST_CASE_2,2025-11-03 22:33:08.495594,FAKE
FAKE_TEST_CASE_2,2025-11-03 22:33:08.576273,FAKE
FAKE_TEST_CASE_2,2025-11-03 22:33:08.657659,FAKE
FAKE_TEST_CASE_2,2025-11-03 22:33:08.741279,FAKE
FAKE_TEST_CASE_2,2025-11-03 22:33:08.821826,FAKE
FAKE_TEST_CASE_2,2025-11-03 22:33:08.908545,FAKE
FAKE_TEST_CASE_2,2025-11-03 22:33:09.020528,FAKE
FAKE_TEST_CASE_2,2025-11-03 22:33:09.142651,FAKE
FAKE_TEST_CASE_2,2025-11-03 22:33:09.262478,FAKE
FAKE_TEST_CASE_2,2025-11-03 22:33:09.353154,FAKE
FAKE_TEST_CASE_2,2025-11-03 22:33:09.433060,FAKE
FAKE_TEST_CASE_2,2025-11-03 22:33:09.517011,FAKE
FAKE_TEST_CASE_2,2025-11-03 22:33:09.627319,FAKE
FAKE_TEST_CASE_2,2025-11-03 22:33:09.723453,FAKE
FAKE_TEST_CASE_2,2025-11-03 22:33:09.832175,FAKE
FAKE_TEST_CASE_2,2025-11-03 22:33:09.923023,FAKE
FAKE_TEST_CASE_2,2025-11-03 22:33:10.023326,FAKE
FAKE_TEST_CASE_2,2025-11-03 22:33:10.117917,FAKE
FAKE_TEST_CASE_2,2025-11-03 22:33:10.215577,FAKE
FAKE_TEST_CASE_2,2025-11-03 22:33:10.323287,FAKE
FAKE_TEST_CASE_2,2025-11-03 22:33:10.411258,FAKE
FAKE_TEST_CASE_2,2025-11-03 22:33:10.504080,FAKE
FAKE_TEST_CASE_2,2025-11-03 22:33:10.586794,FAKE
FAKE_TEST_CASE_2,2025-11-03 22:33:10.681041,FAKE
FAKE_TEST_CASE_2,2025-11-03 22:33:10.780963,FAKE
FAKE_TEST_CASE_2,2025-11-03 22:33:10.873386,FAKE
FAKE_TEST_CASE_2,2025-11-03 22:33:10.964132,FAKE
FAKE_TEST_CASE_2,2025-11-03 22:33:11.055555,FAKE
FAKE_TEST_CASE_2,2025-11-03 22:33:11.150314,FAKE
FAKE_TEST_CASE_2,2025-11-03 22:33:11.240468,FAKE
FAKE_TEST_CASE_2,2025-11-03 22:33:11.333199,FAKE
FAKE_TEST_CASE_2,2025-11-03 22:33:11.429066,FAKE
FAKE_TEST_CASE_2,2025-11-03 22:33:11.541603,FAKE
FAKE_TEST_CASE_2,2025-11-03 22:33:11.633753,FAKE
